wall_utc_ns,utc_iso8601,ros_now_ns,monotonic_ns,measurement_stamp_ns,measurement_stamp_sec,measurement_stamp_nanosec,f411_mcu_ms,dronecan_network_us,dronecan_gnss_us,dronecan_time_standard,timestamp_source_code,x_m,y_m,xy_source,gnss_east_m,gnss_north_m,longitude_deg,latitude_deg,altitude_m,hacc_m,fix_type,satellites,yaw_neo3_deg,yaw_neo3_source,yaw_neo3_valid,yaw_yahboom_deg,yaw_yahboom_source,yaw_yahboom_valid,yaw_inertial_deg,yaw_inertial_source,yaw_inertial_valid,yaw_gnss_heading_deg,yaw_imu_orientation_deg,gyro_z_rps,neo3_mag_norm_ut,yahboom_corrected_norm,map_yaw_from_enu_deg
1789298635869377538,2026-09-13T11:23:55.869378+00:00,1789298635869385338,26463085925070,1789298635869385338,1789298635,869385338,-1,-1,-1,-1,-1,nan,nan,gnss_local_enu,nan,nan,nan,nan,nan,nan,-1,-1,nan,neo3_calibrated_diag,0,nan,yahboom_calibrated_diag,0,nan,logger_gyro_integral:none,0,nan,nan,nan,nan,nan,0.0
1789298635969334226,2026-09-13T11:23:55.969334+00:00,1789298635969339751,26463185881727,1789298635969339751,1789298635,969339751,-1,-1,-1,-1,-1,nan,nan,gnss_local_enu,nan,nan,nan,nan,nan,nan,-1,-1,nan,neo3_calibrated_diag,0,nan,yahboom_calibrated_diag,0,nan,logger_gyro_integral:none,0,nan,nan,nan,nan,nan,0.0
1789298636069333784,2026-09-13T11:23:56.069334+00:00,1789298636069338985,26463285881309,1789298636069338985,1789298636,69338985,-1,-1,-1,-1,-1,nan,nan,gnss_local_enu,nan,nan,nan,nan,nan,nan,-1,-1,nan,neo3_calibrated_diag,0,nan,yahboom_calibrated_diag,0,nan,logger_gyro_integral:none,0,nan,nan,nan,nan,nan,0.0
1789298636169328838,2026-09-13T11:23:56.169329+00:00,1789298636169334399,26463385876429,1789298636169334399,1789298636,169334399,-1,-1,-1,-1,-1,nan,nan,gnss_local_enu,nan,nan,nan,nan,nan,nan,-1,-1,nan,neo3_calibrated_diag,0,nan,yahboom_calibrated_diag,0,nan,logger_gyro_integral:none,0,nan,nan,nan,nan,nan,0.0
1789298636361321215,2026-09-13T11:23:56.361321+00:00,1789298636361327004,26463577868894,1789298636361327004,1789298636,361327004,-1,-1,-1,-1,-1,nan,nan,gnss_local_enu,nan,nan,nan,nan,nan,nan,-1,-1,nan,neo3_calibrated_diag,0,nan,yahboom_calibrated_diag,0,nan,logger_gyro_integral:none,0,nan,nan,nan,nan,nan,0.0
1789298636369445383,2026-09-13T11:23:56.369445+00:00,1789298636369449892,26463585992829,1789298636369449892,1789298636,369449892,-1,-1,-1,-1,-1,nan,nan,gnss_local_enu,nan,nan,nan,nan,nan,nan,-1,-1,nan,neo3_calibrated_diag,0,nan,yahboom_calibrated_diag,0,nan,logger_gyro_integral:none,0,nan,nan,nan,nan,nan,0.0
1789298636469488311,2026-09-13T11:23:56.469488+00:00,1789298636469493772,26463686035852,1789298636469493772,1789298636,469493772,-1,-1,-1,-1,-1,nan,nan,gnss_local_enu,nan,nan,nan,nan,nan,nan,-1,-1,nan,neo3_calibrated_diag,0,nan,yahboom_calibrated_diag,0,nan,logger_gyro_integral:none,0,nan,nan,nan,nan,nan,0.0
1789298636569462546,2026-09-13T11:23:56.569463+00:00,1789298636569467870,26463786010009,1789298636569467870,1789298636,569467870,-1,-1,-1,-1,-1,nan,nan,gnss_local_enu,nan,nan,nan,nan,nan,nan,-1,-1,nan,neo3_calibrated_diag,0,nan,yahboom_calibrated_diag,0,nan,logger_gyro_integral:none,0,nan,nan,nan,nan,nan,0.0
1789298636669489126,2026-09-13T11:23:56.669489+00:00,1789298636669494602,26463886036714,1789298636669494602,1789298636,669494602,-1,-1,-1,-1,-1,nan,nan,gnss_local_enu,nan,nan,nan,nan,nan,nan,-1,-1,nan,neo3_calibrated_diag,0,nan,yahboom_calibrated_diag,0,nan,logger_gyro_integral:none,0,nan,nan,nan,nan,nan,0.0
1789298636770800315,2026-09-13T11:23:56.770800+00:00,1789298636770805204,26463987348036,1789298636770805204,1789298636,770805204,-1,-1,-1,-1,-1,nan,nan,gnss_local_enu,nan,nan,nan,nan,nan,nan,-1,-1,nan,neo3_calibrated_diag,0,nan,yahboom_calibrated_diag,0,nan,logger_gyro_integral:none,0,nan,nan,nan,nan,nan,0.0
1789298636869485050,2026-09-13T11:23:56.869485+00:00,1789298636869490569,26464086032623,1789298636869490569,1789298636,869490569,-1,-1,-1,-1,-1,nan,nan,gnss_local_enu,nan,nan,nan,nan,nan,nan,-1,-1,nan,neo3_calibrated_diag,0,nan,yahboom_calibrated_diag,0,nan,logger_gyro_integral:none,0,nan,nan,nan,nan,nan,0.0
1789298636969475672,2026-09-13T11:23:56.969476+00:00,1789298636969480855,26464186023189,1789298636969480855,1789298636,969480855,-1,-1,-1,-1,-1,nan,nan,gnss_local_enu,nan,nan,nan,nan,nan,nan,-1,-1,nan,neo3_calibrated_diag,0,nan,yahboom_calibrated_diag,0,nan,logger_gyro_integral:none,0,nan,nan,nan,nan,nan,0.0
1789298637069470558,2026-09-13T11:23:57.069470+00:00,1789298637069476045,26464286018485,1789298637069476045,1789298637,69476045,-1,-1,-1,-1,-1,nan,nan,gnss_local_enu,nan,nan,nan,nan,nan,nan,-1,-1,nan,neo3_calibrated_diag,0,nan,yahboom_calibrated_diag,0,nan,logger_gyro_integral:none,0,nan,nan,nan,nan,nan,0.0
1789298637169450897,2026-09-13T11:23:57.169451+00:00,1789298637169460941,26464385998430,1789298637169460941,1789298637,169460941,-1,-1,-1,-1,-1,nan,nan,gnss_local_enu,nan,nan,nan,nan,nan,nan,-1,-1,nan,neo3_calibrated_diag,0,nan,yahboom_calibrated_diag,0,nan,logger_gyro_integral:none,0,nan,nan,nan,nan,nan,0.0
1789298637269977236,2026-09-13T11:23:57.269977+00:00,1789298637269982285,26464486524768,1789298637269982285,1789298637,269982285,-1,-1,-1,-1,-1,nan,nan,gnss_local_enu,nan,nan,nan,nan,nan,nan,-1,-1,nan,neo3_calibrated_diag,0,nan,yahboom_calibrated_diag,0,nan,logger_gyro_integral:none,0,nan,nan,nan,nan,nan,0.0
1789298637369465357,2026-09-13T11:23:57.369465+00:00,1789298637369470617,26464586012899,1789298637369470617,1789298637,369470617,-1,-1,-1,-1,-1,nan,nan,gnss_local_enu,nan,nan,nan,nan,nan,nan,-1,-1,nan,neo3_calibrated_diag,0,nan,yahboom_calibrated_diag,0,nan,logger_gyro_integral:none,0,nan,nan,nan,nan,nan,0.0
1789298637469467059,2026-09-13T11:23:57.469467+00:00,1789298637469472738,26464686014562,1789298637469472738,1789298637,469472738,-1,-1,-1,-1,-1,nan,nan,gnss_local_enu,nan,nan,nan,nan,nan,nan,-1,-1,nan,neo3_calibrated_diag,0,nan,yahboom_calibrated_diag,0,nan,logger_gyro_integral:none,0,nan,nan,nan,nan,nan,0.0
1789298637569463512,2026-09-13T11:23:57.569463+00:00,1789298637569468917,26464786011031,1789298637569468917,1789298637,569468917,-1,-1,-1,-1,-1,nan,nan,gnss_local_enu,nan,nan,nan,nan,nan,nan,-1,-1,nan,neo3_calibrated_diag,0,nan,yahboom_calibrated_diag,0,nan,logger_gyro_integral:none,0,nan,nan,nan,nan,nan,0.0
1789298637669490773,2026-09-13T11:23:57.669491+00:00,1789298637669496520,26464886038356,1789298637669496520,1789298637,669496520,-1,-1,-1,-1,-1,nan,nan,gnss_local_enu,nan,nan,nan,nan,nan,nan,-1,-1,nan,neo3_calibrated_diag,0,nan,yahboom_calibrated_diag,0,nan,logger_gyro_integral:none,0,nan,nan,nan,nan,nan,0.0
1789298637770008280,2026-09-13T11:23:57.770008+00:00,1789298637770013406,26464986555837,1789298637770013406,1789298637,770013406,-1,-1,-1,-1,-1,nan,nan,gnss_local_enu,nan,nan,nan,nan,nan,nan,-1,-1,nan,neo3_calibrated_diag,0,nan,yahboom_calibrated_diag,0,nan,logger_gyro_integral:none,0,nan,nan,nan,nan,nan,0.0
1789298637869483268,2026-09-13T11:23:57.869483+00:00,1789298637869489393,26465086030856,1789298637869489393,1789298637,869489393,-1,-1,-1,-1,-1,nan,nan,gnss_local_enu,nan,nan,nan,nan,nan,nan,-1,-1,nan,neo3_calibrated_diag,0,nan,yahboom_calibrated_diag,0,nan,logger_gyro_integral:none,0,nan,nan,nan,nan,nan,0.0
1789298637969440230,2026-09-13T11:23:57.969440+00:00,1789298637969445524,26465185987872,1789298637969445524,1789298637,969445524,-1,-1,-1,-1,-1,nan,nan,gnss_local_enu,nan,nan,nan,nan,nan,nan,-1,-1,nan,neo3_calibrated_diag,0,nan,yahboom_calibrated_diag,0,nan,logger_gyro_integral:none,0,nan,nan,nan,nan,nan,0.0
1789298638069543029,2026-09-13T11:23:58.069543+00:00,1789298638069548223,26465286090904,1789298638069548223,1789298638,69548223,-1,-1,-1,-1,-1,nan,nan,gnss_local_enu,nan,nan,nan,nan,nan,nan,-1,-1,nan,neo3_calibrated_diag,0,nan,yahboom_calibrated_diag,0,nan,logger_gyro_integral:none,0,nan,nan,nan,nan,nan,0.0
1789298638169495587,2026-09-13T11:23:58.169496+00:00,1789298638169501156,26465386043535,1789298638169501156,1789298638,169501156,-1,-1,-1,-1,-1,nan,nan,gnss_local_enu,nan,nan,nan,nan,nan,nan,-1,-1,nan,neo3_calibrated_diag,0,nan,yahboom_calibrated_diag,0,nan,logger_gyro_integral:none,0,nan,nan,nan,nan,nan,0.0
1789298638270018357,2026-09-13T11:23:58.270018+00:00,1789298638270023427,26465486566047,1789298638270023427,1789298638,270023427,-1,-1,-1,-1,-1,nan,nan,gnss_local_enu,nan,nan,nan,nan,nan,nan,-1,-1,nan,neo3_calibrated_diag,0,nan,yahboom_calibrated_diag,0,nan,logger_gyro_integral:none,0,nan,nan,nan,nan,nan,0.0
1789298638369586011,2026-09-13T11:23:58.369586+00:00,1789298638369592829,26465586133819,1789298638369592829,1789298638,369592829,-1,-1,-1,-1,-1,nan,nan,gnss_local_enu,nan,nan,nan,nan,nan,nan,-1,-1,nan,neo3_calibrated_diag,0,nan,yahboom_calibrated_diag,0,nan,logger_gyro_integral:none,0,nan,nan,nan,nan,nan,0.0
1789298638469477385,2026-09-13T11:23:58.469477+00:00,1789298638469483198,26465686024915,1789298638469483198,1789298638,469483198,-1,-1,-1,-1,-1,nan,nan,gnss_local_enu,nan,nan,nan,nan,nan,nan,-1,-1,nan,neo3_calibrated_diag,0,nan,yahboom_calibrated_diag,0,nan,logger_gyro_integral:none,0,nan,nan,nan,nan,nan,0.0
1789298638569495053,2026-09-13T11:23:58.569495+00:00,1789298638569500282,26465786042475,1789298638569500282,1789298638,569500282,-1,-1,-1,-1,-1,nan,nan,gnss_local_enu,nan,nan,nan,nan,nan,nan,-1,-1,nan,neo3_calibrated_diag,0,nan,yahboom_calibrated_diag,0,nan,logger_gyro_integral:none,0,nan,nan,nan,nan,nan,0.0
1789298638669491688,2026-09-13T11:23:58.669492+00:00,1789298638669496991,26465886039365,1789298638669496991,1789298638,669496991,-1,-1,-1,-1,-1,nan,nan,gnss_local_enu,nan,nan,nan,nan,nan,nan,-1,-1,nan,neo3_calibrated_diag,0,nan,yahboom_calibrated_diag,0,nan,logger_gyro_integral:none,0,nan,nan,nan,nan,nan,0.0
1789298638769961468,2026-09-13T11:23:58.769961+00:00,1789298638769966407,26465986508955,1789298638769966407,1789298638,769966407,-1,-1,-1,-1,-1,nan,nan,gnss_local_enu,nan,nan,nan,nan,nan,nan,-1,-1,nan,neo3_calibrated_diag,0,nan,yahboom_calibrated_diag,0,nan,logger_gyro_integral:none,0,nan,nan,nan,nan,nan,0.0
1789298638869483709,2026-09-13T11:23:58.869484+00:00,1789298638869488779,26466086031195,1789298638869488779,1789298638,869488779,-1,-1,-1,-1,-1,nan,nan,gnss_local_enu,nan,nan,nan,nan,nan,nan,-1,-1,nan,neo3_calibrated_diag,0,nan,yahboom_calibrated_diag,0,nan,logger_gyro_integral:none,0,nan,nan,nan,nan,nan,0.0
1789298638969451285,2026-09-13T11:23:58.969451+00:00,1789298638969463417,26466185999129,1789298638969463417,1789298638,969463417,-1,-1,-1,-1,-1,nan,nan,gnss_local_enu,nan,nan,nan,nan,nan,nan,-1,-1,nan,neo3_calibrated_diag,0,nan,yahboom_calibrated_diag,0,nan,logger_gyro_integral:none,0,nan,nan,nan,nan,nan,0.0
1789298639069475100,2026-09-13T11:23:59.069475+00:00,1789298639069480614,26466286022998,1789298639069480614,1789298639,69480614,-1,-1,-1,-1,-1,nan,nan,gnss_local_enu,nan,nan,nan,nan,nan,nan,-1,-1,nan,neo3_calibrated_diag,0,nan,yahboom_calibrated_diag,0,nan,logger_gyro_integral:none,0,nan,nan,nan,nan,nan,0.0
1789298639169437588,2026-09-13T11:23:59.169438+00:00,1789298639169442049,26466385985031,1789298639169442049,1789298639,169442049,-1,-1,-1,-1,-1,nan,nan,gnss_local_enu,nan,nan,nan,nan,nan,nan,-1,-1,nan,neo3_calibrated_diag,0,nan,yahboom_calibrated_diag,0,nan,logger_gyro_integral:none,0,nan,nan,nan,nan,nan,0.0
1789298639269968058,2026-09-13T11:23:59.269968+00:00,1789298639269973214,26466486515929,1789298639269973214,1789298639,269973214,-1,-1,-1,-1,-1,nan,nan,gnss_local_enu,nan,nan,nan,nan,nan,nan,-1,-1,nan,neo3_calibrated_diag,0,nan,yahboom_calibrated_diag,0,nan,logger_gyro_integral:none,0,nan,nan,nan,nan,nan,0.0
1789298639369473320,2026-09-13T11:23:59.369473+00:00,1789298639369478816,26466586020850,1789298639369478816,1789298639,369478816,-1,-1,-1,-1,-1,nan,nan,gnss_local_enu,nan,nan,nan,nan,nan,nan,-1,-1,nan,neo3_calibrated_diag,0,nan,yahboom_calibrated_diag,0,nan,logger_gyro_integral:none,0,nan,nan,nan,nan,nan,0.0
1789298639469475538,2026-09-13T11:23:59.469476+00:00,1789298639469480784,26466686023505,1789298639469480784,1789298639,469480784,-1,-1,-1,-1,-1,nan,nan,gnss_local_enu,nan,nan,nan,nan,nan,nan,-1,-1,nan,neo3_calibrated_diag,0,nan,yahboom_calibrated_diag,0,nan,logger_gyro_integral:none,0,nan,nan,nan,nan,nan,0.0
1789298639569478114,2026-09-13T11:23:59.569478+00:00,1789298639569483127,26466786025733,1789298639569483127,1789298639,569483127,-1,-1,-1,-1,-1,nan,nan,gnss_local_enu,nan,nan,nan,nan,nan,nan,-1,-1,nan,neo3_calibrated_diag,0,nan,yahboom_calibrated_diag,0,nan,logger_gyro_integral:none,0,nan,nan,nan,nan,nan,0.0
1789298639669476177,2026-09-13T11:23:59.669476+00:00,1789298639669481528,26466886024069,1789298639669481528,1789298639,669481528,-1,-1,-1,-1,-1,nan,nan,gnss_local_enu,nan,nan,nan,nan,nan,nan,-1,-1,nan,neo3_calibrated_diag,0,nan,yahboom_calibrated_diag,0,nan,logger_gyro_integral:none,0,nan,nan,nan,nan,nan,0.0
1789298639769963955,2026-09-13T11:23:59.769964+00:00,1789298639769968941,26466986511443,1789298639769968941,1789298639,769968941,-1,-1,-1,-1,-1,nan,nan,gnss_local_enu,nan,nan,nan,nan,nan,nan,-1,-1,nan,neo3_calibrated_diag,0,nan,yahboom_calibrated_diag,0,nan,logger_gyro_integral:none,0,nan,nan,nan,nan,nan,0.0
1789298639869489611,2026-09-13T11:23:59.869490+00:00,1789298639869494698,26467086037157,1789298639869494698,1789298639,869494698,-1,-1,-1,-1,-1,nan,nan,gnss_local_enu,nan,nan,nan,nan,nan,nan,-1,-1,nan,neo3_calibrated_diag,0,nan,yahboom_calibrated_diag,0,nan,logger_gyro_integral:none,0,nan,nan,nan,nan,nan,0.0
1789298639969425979,2026-09-13T11:23:59.969426+00:00,1789298639969431005,26467185973468,1789298639969431005,1789298639,969431005,-1,-1,-1,-1,-1,nan,nan,gnss_local_enu,nan,nan,nan,nan,nan,nan,-1,-1,nan,neo3_calibrated_diag,0,nan,yahboom_calibrated_diag,0,nan,logger_gyro_integral:none,0,nan,nan,nan,nan,nan,0.0
1789298640069486698,2026-09-13T11:24:00.069487+00:00,1789298640069491647,26467286034233,1789298640069491647,1789298640,69491647,-1,-1,-1,-1,-1,nan,nan,gnss_local_enu,nan,nan,nan,nan,nan,nan,-1,-1,nan,neo3_calibrated_diag,0,nan,yahboom_calibrated_diag,0,nan,logger_gyro_integral:none,0,nan,nan,nan,nan,nan,0.0
1789298640169466600,2026-09-13T11:24:00.169467+00:00,1789298640169472248,26467386014208,1789298640169472248,1789298640,169472248,-1,-1,-1,-1,-1,nan,nan,gnss_local_enu,nan,nan,nan,nan,nan,nan,-1,-1,nan,neo3_calibrated_diag,0,nan,yahboom_calibrated_diag,0,nan,logger_gyro_integral:none,0,nan,nan,nan,nan,nan,0.0
1789298640270067138,2026-09-13T11:24:00.270067+00:00,1789298640270072864,26467486614769,1789298640270072864,1789298640,270072864,-1,-1,-1,-1,-1,nan,nan,gnss_local_enu,nan,nan,nan,nan,nan,nan,-1,-1,nan,neo3_calibrated_diag,0,nan,yahboom_calibrated_diag,0,nan,logger_gyro_integral:none,0,nan,nan,nan,nan,nan,0.0
1789298640369477971,2026-09-13T11:24:00.369478+00:00,1789298640369483072,26467586025807,1789298640369483072,1789298640,369483072,-1,-1,-1,-1,-1,nan,nan,gnss_local_enu,nan,nan,nan,nan,nan,nan,-1,-1,nan,neo3_calibrated_diag,0,nan,yahboom_calibrated_diag,0,nan,logger_gyro_integral:none,0,nan,nan,nan,nan,nan,0.0
1789298640469469686,2026-09-13T11:24:00.469470+00:00,1789298640469475031,26467686017592,1789298640469475031,1789298640,469475031,-1,-1,-1,-1,-1,nan,nan,gnss_local_enu,nan,nan,nan,nan,nan,nan,-1,-1,nan,neo3_calibrated_diag,0,nan,yahboom_calibrated_diag,0,nan,logger_gyro_integral:none,0,nan,nan,nan,nan,nan,0.0
1789298640569465087,2026-09-13T11:24:00.569465+00:00,1789298640569470513,26467786012695,1789298640569470513,1789298640,569470513,-1,-1,-1,-1,-1,nan,nan,gnss_local_enu,nan,nan,nan,nan,nan,nan,-1,-1,nan,neo3_calibrated_diag,0,nan,yahboom_calibrated_diag,0,nan,logger_gyro_integral:none,0,nan,nan,nan,nan,nan,0.0
1789298640669473623,2026-09-13T11:24:00.669474+00:00,1789298640669479487,26467886021094,1789298640669479487,1789298640,669479487,-1,-1,-1,-1,-1,nan,nan,gnss_local_enu,nan,nan,nan,nan,nan,nan,-1,-1,nan,neo3_calibrated_diag,0,nan,yahboom_calibrated_diag,0,nan,logger_gyro_integral:none,0,nan,nan,nan,nan,nan,0.0
1789298640769954105,2026-09-13T11:24:00.769954+00:00,1789298640769959462,26467986501595,1789298640769959462,1789298640,769959462,-1,-1,-1,-1,-1,nan,nan,gnss_local_enu,nan,nan,nan,nan,nan,nan,-1,-1,nan,neo3_calibrated_diag,0,nan,yahboom_calibrated_diag,0,nan,logger_gyro_integral:none,0,nan,nan,nan,nan,nan,0.0
1789298640869441749,2026-09-13T11:24:00.869442+00:00,1789298640869446755,26468085989348,1789298640869446755,1789298640,869446755,-1,-1,-1,-1,-1,nan,nan,gnss_local_enu,nan,nan,nan,nan,nan,nan,-1,-1,nan,neo3_calibrated_diag,0,nan,yahboom_calibrated_diag,0,nan,logger_gyro_integral:none,0,nan,nan,nan,nan,nan,0.0
1789298640969555434,2026-09-13T11:24:00.969555+00:00,1789298640969561210,26468186103022,1789298640969561210,1789298640,969561210,-1,-1,-1,-1,-1,nan,nan,gnss_local_enu,nan,nan,nan,nan,nan,nan,-1,-1,nan,neo3_calibrated_diag,0,nan,yahboom_calibrated_diag,0,nan,logger_gyro_integral:none,0,nan,nan,nan,nan,nan,0.0
1789298641069618250,2026-09-13T11:24:01.069618+00:00,1789298641069625827,26468286166195,1789298641069625827,1789298641,69625827,-1,-1,-1,-1,-1,nan,nan,gnss_local_enu,nan,nan,nan,nan,nan,nan,-1,-1,nan,neo3_calibrated_diag,0,nan,yahboom_calibrated_diag,0,nan,logger_gyro_integral:none,0,nan,nan,nan,nan,nan,0.0
1789298641169476994,2026-09-13T11:24:01.169477+00:00,1789298641169482139,26468386024513,1789298641169482139,1789298641,169482139,-1,-1,-1,-1,-1,nan,nan,gnss_local_enu,nan,nan,nan,nan,nan,nan,-1,-1,nan,neo3_calibrated_diag,0,nan,yahboom_calibrated_diag,0,nan,logger_gyro_integral:none,0,nan,nan,nan,nan,nan,0.0
1789298641269983675,2026-09-13T11:24:01.269984+00:00,1789298641269988782,26468486531189,1789298641269988782,1789298641,269988782,-1,-1,-1,-1,-1,nan,nan,gnss_local_enu,nan,nan,nan,nan,nan,nan,-1,-1,nan,neo3_calibrated_diag,0,nan,yahboom_calibrated_diag,0,nan,logger_gyro_integral:none,0,nan,nan,nan,nan,nan,0.0
1789298641369459372,2026-09-13T11:24:01.369459+00:00,1789298641369465029,26468586006902,1789298641369465029,1789298641,369465029,-1,-1,-1,-1,-1,nan,nan,gnss_local_enu,nan,nan,nan,nan,nan,nan,-1,-1,nan,neo3_calibrated_diag,0,nan,yahboom_calibrated_diag,0,nan,logger_gyro_integral:none,0,nan,nan,nan,nan,nan,0.0
1789298641469467312,2026-09-13T11:24:01.469467+00:00,1789298641469472094,26468686014802,1789298641469472094,1789298641,469472094,-1,-1,-1,-1,-1,nan,nan,gnss_local_enu,nan,nan,nan,nan,nan,nan,-1,-1,nan,neo3_calibrated_diag,0,nan,yahboom_calibrated_diag,0,nan,logger_gyro_integral:none,0,nan,nan,nan,nan,nan,0.0
1789298641569462616,2026-09-13T11:24:01.569463+00:00,1789298641569468080,26468786010132,1789298641569468080,1789298641,569468080,-1,-1,-1,-1,-1,nan,nan,gnss_local_enu,nan,nan,nan,nan,nan,nan,-1,-1,nan,neo3_calibrated_diag,0,nan,yahboom_calibrated_diag,0,nan,logger_gyro_integral:none,0,nan,nan,nan,nan,nan,0.0
1789298641669490365,2026-09-13T11:24:01.669490+00:00,1789298641669495105,26468886037889,1789298641669495105,1789298641,669495105,-1,-1,-1,-1,-1,nan,nan,gnss_local_enu,nan,nan,nan,nan,nan,nan,-1,-1,nan,neo3_calibrated_diag,0,nan,yahboom_calibrated_diag,0,nan,logger_gyro_integral:none,0,nan,nan,nan,nan,nan,0.0
1789298641769898286,2026-09-13T11:24:01.769898+00:00,1789298641769903289,26468986445752,1789298641769903289,1789298641,769903289,-1,-1,-1,-1,-1,nan,nan,gnss_local_enu,nan,nan,nan,nan,nan,nan,-1,-1,nan,neo3_calibrated_diag,0,nan,yahboom_calibrated_diag,0,nan,logger_gyro_integral:none,0,nan,nan,nan,nan,nan,0.0
1789298641869473426,2026-09-13T11:24:01.869473+00:00,1789298641869478707,26469086021256,1789298641869478707,1789298641,869478707,-1,-1,-1,-1,-1,nan,nan,gnss_local_enu,nan,nan,nan,nan,nan,nan,-1,-1,nan,neo3_calibrated_diag,0,nan,yahboom_calibrated_diag,0,nan,logger_gyro_integral:none,0,nan,nan,nan,nan,nan,0.0
1789298641969468396,2026-09-13T11:24:01.969468+00:00,1789298641969473367,26469186015849,1789298641969473367,1789298641,969473367,-1,-1,-1,-1,-1,nan,nan,gnss_local_enu,nan,nan,nan,nan,nan,nan,-1,-1,nan,neo3_calibrated_diag,0,nan,yahboom_calibrated_diag,0,nan,logger_gyro_integral:none,0,nan,nan,nan,nan,nan,0.0
1789298642069495574,2026-09-13T11:24:02.069495+00:00,1789298642069501307,26469286043042,1789298642069501307,1789298642,69501307,-1,-1,-1,-1,-1,nan,nan,gnss_local_enu,nan,nan,nan,nan,nan,nan,-1,-1,nan,neo3_calibrated_diag,0,nan,yahboom_calibrated_diag,0,nan,logger_gyro_integral:none,0,nan,nan,nan,nan,nan,0.0
1789298642169450955,2026-09-13T11:24:02.169451+00:00,1789298642169462352,26469385998591,1789298642169462352,1789298642,169462352,-1,-1,-1,-1,-1,nan,nan,gnss_local_enu,nan,nan,nan,nan,nan,nan,-1,-1,nan,neo3_calibrated_diag,0,nan,yahboom_calibrated_diag,0,nan,logger_gyro_integral:none,0,nan,nan,nan,nan,nan,0.0
1789298642270041212,2026-09-13T11:24:02.270041+00:00,1789298642270046185,26469486588731,1789298642270046185,1789298642,270046185,-1,-1,-1,-1,-1,nan,nan,gnss_local_enu,nan,nan,nan,nan,nan,nan,-1,-1,nan,neo3_calibrated_diag,0,nan,yahboom_calibrated_diag,0,nan,logger_gyro_integral:none,0,nan,nan,nan,nan,nan,0.0
1789298642369461468,2026-09-13T11:24:02.369462+00:00,1789298642369466629,26469586009008,1789298642369466629,1789298642,369466629,-1,-1,-1,-1,-1,nan,nan,gnss_local_enu,nan,nan,nan,nan,nan,nan,-1,-1,nan,neo3_calibrated_diag,0,nan,yahboom_calibrated_diag,0,nan,logger_gyro_integral:none,0,nan,nan,nan,nan,nan,0.0
1789298642469539437,2026-09-13T11:24:02.469539+00:00,1789298642469543948,26469686086902,1789298642469543948,1789298642,469543948,-1,-1,-1,-1,-1,nan,nan,gnss_local_enu,nan,nan,nan,nan,nan,nan,-1,-1,nan,neo3_calibrated_diag,0,nan,yahboom_calibrated_diag,0,nan,logger_gyro_integral:none,0,nan,nan,nan,nan,nan,0.0
1789298642569532382,2026-09-13T11:24:02.569532+00:00,1789298642569537940,26469786079917,1789298642569537940,1789298642,569537940,-1,-1,-1,-1,-1,nan,nan,gnss_local_enu,nan,nan,nan,nan,nan,nan,-1,-1,nan,neo3_calibrated_diag,0,nan,yahboom_calibrated_diag,0,nan,logger_gyro_integral:none,0,nan,nan,nan,nan,nan,0.0
1789298642669470032,2026-09-13T11:24:02.669470+00:00,1789298642669475059,26469886017489,1789298642669475059,1789298642,669475059,-1,-1,-1,-1,-1,nan,nan,gnss_local_enu,nan,nan,nan,nan,nan,nan,-1,-1,nan,neo3_calibrated_diag,0,nan,yahboom_calibrated_diag,0,nan,logger_gyro_integral:none,0,nan,nan,nan,nan,nan,0.0
1789298642770036984,2026-09-13T11:24:02.770037+00:00,1789298642770042163,26469986584841,1789298642770042163,1789298642,770042163,-1,-1,-1,-1,-1,nan,nan,gnss_local_enu,nan,nan,nan,nan,nan,nan,-1,-1,nan,neo3_calibrated_diag,0,nan,yahboom_calibrated_diag,0,nan,logger_gyro_integral:none,0,nan,nan,nan,nan,nan,0.0
1789298642869554927,2026-09-13T11:24:02.869555+00:00,1789298642869559919,26470086102471,1789298642869559919,1789298642,869559919,-1,-1,-1,-1,-1,nan,nan,gnss_local_enu,nan,nan,nan,nan,nan,nan,-1,-1,nan,neo3_calibrated_diag,0,nan,yahboom_calibrated_diag,0,nan,logger_gyro_integral:none,0,nan,nan,nan,nan,nan,0.0
1789298642969547220,2026-09-13T11:24:02.969547+00:00,1789298642969552224,26470186094724,1789298642969552224,1789298642,969552224,-1,-1,-1,-1,-1,nan,nan,gnss_local_enu,nan,nan,nan,nan,nan,nan,-1,-1,nan,neo3_calibrated_diag,0,nan,yahboom_calibrated_diag,0,nan,logger_gyro_integral:none,0,nan,nan,nan,nan,nan,0.0
1789298643069482361,2026-09-13T11:24:03.069482+00:00,1789298643069488373,26470286030353,1789298643069488373,1789298643,69488373,-1,-1,-1,-1,-1,nan,nan,gnss_local_enu,nan,nan,nan,nan,nan,nan,-1,-1,nan,neo3_calibrated_diag,0,nan,yahboom_calibrated_diag,0,nan,logger_gyro_integral:none,0,nan,nan,nan,nan,nan,0.0
1789298643169442824,2026-09-13T11:24:03.169443+00:00,1789298643169448011,26470385990369,1789298643169448011,1789298643,169448011,-1,-1,-1,-1,-1,nan,nan,gnss_local_enu,nan,nan,nan,nan,nan,nan,-1,-1,nan,neo3_calibrated_diag,0,nan,yahboom_calibrated_diag,0,nan,logger_gyro_integral:none,0,nan,nan,nan,nan,nan,0.0
1789298643269981574,2026-09-13T11:24:03.269982+00:00,1789298643269986770,26470486529124,1789298643269986770,1789298643,269986770,-1,-1,-1,-1,-1,nan,nan,gnss_local_enu,nan,nan,nan,nan,nan,nan,-1,-1,nan,neo3_calibrated_diag,0,nan,yahboom_calibrated_diag,0,nan,logger_gyro_integral:none,0,nan,nan,nan,nan,nan,0.0
1789298643369572278,2026-09-13T11:24:03.369572+00:00,1789298643369577093,26470586119809,1789298643369577093,1789298643,369577093,-1,-1,-1,-1,-1,nan,nan,gnss_local_enu,nan,nan,nan,nan,nan,nan,-1,-1,nan,neo3_calibrated_diag,0,nan,yahboom_calibrated_diag,0,nan,logger_gyro_integral:none,0,nan,nan,nan,nan,nan,0.0
1789298643469540951,2026-09-13T11:24:03.469541+00:00,1789298643469546002,26470686088497,1789298643469546002,1789298643,469546002,-1,-1,-1,-1,-1,nan,nan,gnss_local_enu,nan,nan,nan,nan,nan,nan,-1,-1,nan,neo3_calibrated_diag,0,nan,yahboom_calibrated_diag,0,nan,logger_gyro_integral:none,0,nan,nan,nan,nan,nan,0.0
1789298643569449369,2026-09-13T11:24:03.569449+00:00,1789298643569460079,26470785996865,1789298643569460079,1789298643,569460079,-1,-1,-1,-1,-1,nan,nan,gnss_local_enu,nan,nan,nan,nan,nan,nan,-1,-1,nan,neo3_calibrated_diag,0,nan,yahboom_calibrated_diag,0,nan,logger_gyro_integral:none,0,nan,nan,nan,nan,nan,0.0
1789298643669578217,2026-09-13T11:24:03.669578+00:00,1789298643669583444,26470886126104,1789298643669583444,1789298643,669583444,-1,-1,-1,-1,-1,nan,nan,gnss_local_enu,nan,nan,nan,nan,nan,nan,-1,-1,nan,neo3_calibrated_diag,0,nan,yahboom_calibrated_diag,0,nan,logger_gyro_integral:none,0,nan,nan,nan,nan,nan,0.0
1789298643769953488,2026-09-13T11:24:03.769953+00:00,1789298643769959550,26470986501384,1789298643769959550,1789298643,769959550,-1,-1,-1,-1,-1,nan,nan,gnss_local_enu,nan,nan,nan,nan,nan,nan,-1,-1,nan,neo3_calibrated_diag,0,nan,yahboom_calibrated_diag,0,nan,logger_gyro_integral:none,0,nan,nan,nan,nan,nan,0.0
1789298643869446723,2026-09-13T11:24:03.869447+00:00,1789298643869452028,26471085994221,1789298643869452028,1789298643,869452028,-1,-1,-1,-1,-1,nan,nan,gnss_local_enu,nan,nan,nan,nan,nan,nan,-1,-1,nan,neo3_calibrated_diag,0,nan,yahboom_calibrated_diag,0,nan,logger_gyro_integral:none,0,nan,nan,nan,nan,nan,0.0
1789298643969556759,2026-09-13T11:24:03.969557+00:00,1789298643969561409,26471186104148,1789298643969561409,1789298643,969561409,-1,-1,-1,-1,-1,nan,nan,gnss_local_enu,nan,nan,nan,nan,nan,nan,-1,-1,nan,neo3_calibrated_diag,0,nan,yahboom_calibrated_diag,0,nan,logger_gyro_integral:none,0,nan,nan,nan,nan,nan,0.0
1789298644069448431,2026-09-13T11:24:04.069448+00:00,1789298644069453258,26471285996025,1789298644069453258,1789298644,69453258,-1,-1,-1,-1,-1,nan,nan,gnss_local_enu,nan,nan,nan,nan,nan,nan,-1,-1,nan,neo3_calibrated_diag,0,nan,yahboom_calibrated_diag,0,nan,logger_gyro_integral:none,0,nan,nan,nan,nan,nan,0.0
1789298644169554257,2026-09-13T11:24:04.169554+00:00,1789298644169559536,26471386101787,1789298644169559536,1789298644,169559536,-1,-1,-1,-1,-1,nan,nan,gnss_local_enu,nan,nan,nan,nan,nan,nan,-1,-1,nan,neo3_calibrated_diag,0,nan,yahboom_calibrated_diag,0,nan,logger_gyro_integral:none,0,nan,nan,nan,nan,nan,0.0
1789298644269926262,2026-09-13T11:24:04.269926+00:00,1789298644269931358,26471486473680,1789298644269931358,1789298644,269931358,-1,-1,-1,-1,-1,nan,nan,gnss_local_enu,nan,nan,nan,nan,nan,nan,-1,-1,nan,neo3_calibrated_diag,0,nan,yahboom_calibrated_diag,0,nan,logger_gyro_integral:none,0,nan,nan,nan,nan,nan,0.0
1789298644369464129,2026-09-13T11:24:04.369464+00:00,1789298644369468841,26471586011667,1789298644369468841,1789298644,369468841,-1,-1,-1,-1,-1,nan,nan,gnss_local_enu,nan,nan,nan,nan,nan,nan,-1,-1,nan,neo3_calibrated_diag,0,nan,yahboom_calibrated_diag,0,nan,logger_gyro_integral:none,0,nan,nan,nan,nan,nan,0.0
1789298644469548009,2026-09-13T11:24:04.469548+00:00,1789298644469553510,26471686095900,1789298644469553510,1789298644,469553510,-1,-1,-1,-1,-1,nan,nan,gnss_local_enu,nan,nan,nan,nan,nan,nan,-1,-1,nan,neo3_calibrated_diag,0,nan,yahboom_calibrated_diag,0,nan,logger_gyro_integral:none,0,nan,nan,nan,nan,nan,0.0
1789298644569463757,2026-09-13T11:24:04.569464+00:00,1789298644569468963,26471786011329,1789298644569468963,1789298644,569468963,-1,-1,-1,-1,-1,nan,nan,gnss_local_enu,nan,nan,nan,nan,nan,nan,-1,-1,nan,neo3_calibrated_diag,0,nan,yahboom_calibrated_diag,0,nan,logger_gyro_integral:none,0,nan,nan,nan,nan,nan,0.0
1789298644669461691,2026-09-13T11:24:04.669462+00:00,1789298644669466706,26471886009237,1789298644669466706,1789298644,669466706,-1,-1,-1,-1,-1,nan,nan,gnss_local_enu,nan,nan,nan,nan,nan,nan,-1,-1,nan,neo3_calibrated_diag,0,nan,yahboom_calibrated_diag,0,nan,logger_gyro_integral:none,0,nan,nan,nan,nan,nan,0.0
1789298644770103063,2026-09-13T11:24:04.770103+00:00,1789298644770108513,26471986650665,1789298644770108513,1789298644,770108513,-1,-1,-1,-1,-1,nan,nan,gnss_local_enu,nan,nan,nan,nan,nan,nan,-1,-1,nan,neo3_calibrated_diag,0,nan,yahboom_calibrated_diag,0,nan,logger_gyro_integral:none,0,nan,nan,nan,nan,nan,0.0
1789298644869476864,2026-09-13T11:24:04.869477+00:00,1789298644869482396,26472086024420,1789298644869482396,1789298644,869482396,-1,-1,-1,-1,-1,nan,nan,gnss_local_enu,nan,nan,nan,nan,nan,nan,-1,-1,nan,neo3_calibrated_diag,0,nan,yahboom_calibrated_diag,0,nan,logger_gyro_integral:none,0,nan,nan,nan,nan,nan,0.0
1789298644969469445,2026-09-13T11:24:04.969470+00:00,1789298644969474702,26472186016905,1789298644969474702,1789298644,969474702,-1,-1,-1,-1,-1,nan,nan,gnss_local_enu,nan,nan,nan,nan,nan,nan,-1,-1,nan,neo3_calibrated_diag,0,nan,yahboom_calibrated_diag,0,nan,logger_gyro_integral:none,0,nan,nan,nan,nan,nan,0.0
1789298645069408687,2026-09-13T11:24:05.069409+00:00,1789298645069413991,26472285956227,1789298645069413991,1789298645,69413991,-1,-1,-1,-1,-1,nan,nan,gnss_local_enu,nan,nan,nan,nan,nan,nan,-1,-1,nan,neo3_calibrated_diag,0,nan,yahboom_calibrated_diag,0,nan,logger_gyro_integral:none,0,nan,nan,nan,nan,nan,0.0
1789298645169465349,2026-09-13T11:24:05.169465+00:00,1789298645169470117,26472386012800,1789298645169470117,1789298645,169470117,-1,-1,-1,-1,-1,nan,nan,gnss_local_enu,nan,nan,nan,nan,nan,nan,-1,-1,nan,neo3_calibrated_diag,0,nan,yahboom_calibrated_diag,0,nan,logger_gyro_integral:none,0,nan,nan,nan,nan,nan,0.0
1789298645270017383,2026-09-13T11:24:05.270017+00:00,1789298645270022796,26472486564922,1789298645270022796,1789298645,270022796,-1,-1,-1,-1,-1,nan,nan,gnss_local_enu,nan,nan,nan,nan,nan,nan,-1,-1,nan,neo3_calibrated_diag,0,nan,yahboom_calibrated_diag,0,nan,logger_gyro_integral:none,0,nan,nan,nan,nan,nan,0.0
1789298645369578552,2026-09-13T11:24:05.369579+00:00,1789298645369585281,26472586126164,1789298645369585281,1789298645,369585281,-1,-1,-1,-1,-1,nan,nan,gnss_local_enu,nan,nan,nan,nan,nan,nan,-1,-1,nan,neo3_calibrated_diag,0,nan,yahboom_calibrated_diag,0,nan,logger_gyro_integral:none,0,nan,nan,nan,nan,nan,0.0
1789298645469467929,2026-09-13T11:24:05.469468+00:00,1789298645469473844,26472686015530,1789298645469473844,1789298645,469473844,-1,-1,-1,-1,-1,nan,nan,gnss_local_enu,nan,nan,nan,nan,nan,nan,-1,-1,nan,neo3_calibrated_diag,0,nan,yahboom_calibrated_diag,0,nan,logger_gyro_integral:none,0,nan,nan,nan,nan,nan,0.0
1789298645569459932,2026-09-13T11:24:05.569460+00:00,1789298645569465216,26472786007439,1789298645569465216,1789298645,569465216,-1,-1,-1,-1,-1,nan,nan,gnss_local_enu,nan,nan,nan,nan,nan,nan,-1,-1,nan,neo3_calibrated_diag,0,nan,yahboom_calibrated_diag,0,nan,logger_gyro_integral:none,0,nan,nan,nan,nan,nan,0.0
1789298645669495585,2026-09-13T11:24:05.669496+00:00,1789298645669501281,26472886043164,1789298645669501281,1789298645,669501281,-1,-1,-1,-1,-1,nan,nan,gnss_local_enu,nan,nan,nan,nan,nan,nan,-1,-1,nan,neo3_calibrated_diag,0,nan,yahboom_calibrated_diag,0,nan,logger_gyro_integral:none,0,nan,nan,nan,nan,nan,0.0
1789298645769948750,2026-09-13T11:24:05.769949+00:00,1789298645769953706,26472986496312,1789298645769953706,1789298645,769953706,-1,-1,-1,-1,-1,nan,nan,gnss_local_enu,nan,nan,nan,nan,nan,nan,-1,-1,nan,neo3_calibrated_diag,0,nan,yahboom_calibrated_diag,0,nan,logger_gyro_integral:none,0,nan,nan,nan,nan,nan,0.0
1789298645869684323,2026-09-13T11:24:05.869684+00:00,1789298645869691743,26473086232100,1789298645869691743,1789298645,869691743,-1,-1,-1,-1,-1,nan,nan,gnss_local_enu,nan,nan,nan,nan,nan,nan,-1,-1,nan,neo3_calibrated_diag,0,nan,yahboom_calibrated_diag,0,nan,logger_gyro_integral:none,0,nan,nan,nan,nan,nan,0.0
1789298645969408490,2026-09-13T11:24:05.969409+00:00,1789298645969415147,26473185957768,1789298645969415147,1789298645,969415147,-1,-1,-1,-1,-1,nan,nan,gnss_local_enu,nan,nan,nan,nan,nan,nan,-1,-1,nan,neo3_calibrated_diag,0,nan,yahboom_calibrated_diag,0,nan,logger_gyro_integral:none,0,nan,nan,nan,nan,nan,0.0
