t_s,read,reject,z,raw_x,raw_y,x,y,cs,bus,page,accepted
0.0027,36956,35641,17,3539,902,34,226,1,0,CAMERA,0
0.0512,36958,35643,10,3539,902,34,226,1,0,CAMERA,0
0.1011,36961,35646,4,3539,902,34,226,1,0,CAMERA,0
0.1511,36963,35648,5,3539,902,34,226,1,0,CAMERA,0
0.2011,36966,35651,19,3539,902,34,226,1,0,CAMERA,0
0.2511,36968,35653,18,3539,902,34,226,1,0,CAMERA,0
0.3012,36971,35656,4,3539,902,34,226,1,0,CAMERA,0
0.3512,36973,35658,3,3539,902,34,226,1,0,CAMERA,0
0.401,36976,35661,3,3539,902,34,226,1,0,CAMERA,0
0.4511,36978,35663,4,3539,902,34,226,1,0,CAMERA,0
0.5011,36981,35666,11,3539,902,34,226,1,0,CAMERA,0
0.5511,36983,35668,18,3539,902,34,226,1,0,CAMERA,0
0.6011,36986,35671,4,3539,902,34,226,1,0,CAMERA,0
0.6511,36988,35673,3,3539,902,34,226,1,0,CAMERA,0
0.7011,36991,35676,15,3539,902,34,226,1,0,CAMERA,0
0.7511,36993,35678,19,3539,902,34,226,1,0,CAMERA,0
0.8011,36996,35681,6,3539,902,34,226,1,0,CAMERA,0
0.8511,36998,35683,11,3539,902,34,226,1,0,CAMERA,0
0.901,37001,35686,12,3539,902,34,226,1,0,CAMERA,0
0.951,37003,35688,19,3539,902,34,226,1,0,CAMERA,0
1.001,37006,35691,10,3539,902,34,226,1,0,CAMERA,0
1.0511,37008,35693,18,3539,902,34,226,1,0,CAMERA,0
1.1011,37011,35696,68,3539,902,34,226,1,0,CAMERA,0
1.151,37013,35698,9,3539,902,34,226,1,0,CAMERA,0
1.2016,37016,35701,31,3539,902,34,226,1,0,CAMERA,0
1.2511,37018,35703,6,3539,902,34,226,1,0,CAMERA,0
1.3031,37021,35706,3,3539,902,34,226,1,0,CAMERA,0
1.3511,37023,35708,32,3539,902,34,226,1,0,CAMERA,0
1.4011,37026,35711,20,3539,902,34,226,1,0,CAMERA,0
1.451,37028,35713,5,3539,902,34,226,1,0,CAMERA,0
1.5011,37031,35716,3,3539,902,34,226,1,0,CAMERA,0
1.5511,37033,35718,18,3539,902,34,226,1,0,CAMERA,0
1.6011,37036,35721,3,3539,902,34,226,1,0,CAMERA,0
1.6511,37038,35723,21,3539,902,34,226,1,0,CAMERA,0
1.7011,37041,35726,22,3539,902,34,226,1,0,CAMERA,0
1.7509,37043,35728,10,3539,902,34,226,1,0,CAMERA,0
1.8011,37046,35731,3,3539,902,34,226,1,0,CAMERA,0
1.8511,37048,35733,5,3539,902,34,226,1,0,CAMERA,0
1.9011,37051,35736,18,3539,902,34,226,1,0,CAMERA,0
1.9511,37053,35738,28,3539,902,34,226,1,0,CAMERA,0
2.0011,37056,35741,34,3539,902,34,226,1,0,CAMERA,0
2.0511,37058,35743,19,3539,902,34,226,1,0,CAMERA,0
2.1011,37061,35746,3,3539,902,34,226,1,0,CAMERA,0
2.1513,37063,35748,18,3539,902,34,226,1,0,CAMERA,0
2.2011,37066,35751,3,3539,902,34,226,1,0,CAMERA,0
2.2511,37068,35753,11,3539,902,34,226,1,0,CAMERA,0
2.3018,37071,35756,48,3539,902,34,226,1,0,CAMERA,0
2.3511,37073,35758,19,3539,902,34,226,1,0,CAMERA,0
2.4021,37076,35761,19,3539,902,34,226,1,0,CAMERA,0
2.4511,37078,35763,8,3539,902,34,226,1,0,CAMERA,0
2.5011,37081,35766,3,3539,902,34,226,1,0,CAMERA,0
2.5511,37083,35768,34,3539,902,34,226,1,0,CAMERA,0
2.601,37086,35771,5,3539,902,34,226,1,0,CAMERA,0
2.6511,37088,35773,19,3539,902,34,226,1,0,CAMERA,0
2.7011,37091,35776,10,3539,902,34,226,1,0,CAMERA,0
2.7511,37093,35778,36,3539,902,34,226,1,0,CAMERA,0
2.8011,37096,35781,4,3539,902,34,226,1,0,CAMERA,0
2.8511,37098,35783,35,3539,902,34,226,1,0,CAMERA,0
2.9011,37101,35786,12,3539,902,34,226,1,0,CAMERA,0
2.9515,37103,35788,20,3539,902,34,226,1,0,CAMERA,0
3.0011,37106,35791,19,3539,902,34,226,1,0,CAMERA,0
3.051,37108,35793,3,3539,902,34,226,1,0,CAMERA,0
3.1011,37111,35796,67,3539,902,34,226,1,0,CAMERA,0
3.1514,37113,35798,4,3539,902,34,226,1,0,CAMERA,0
3.201,37116,35801,18,3539,902,34,226,1,0,CAMERA,0
3.2511,37118,35803,18,3539,902,34,226,1,0,CAMERA,0
3.3011,37121,35806,36,3539,902,34,226,1,0,CAMERA,0
3.3524,37123,35808,28,3539,902,34,226,1,0,CAMERA,0
3.4011,37126,35811,6,3539,902,34,226,1,0,CAMERA,0
3.4511,37128,35813,11,3539,902,34,226,1,0,CAMERA,0
3.5011,37131,35816,3,3539,902,34,226,1,0,CAMERA,0
3.5511,37133,35818,3,3539,902,34,226,1,0,CAMERA,0
3.601,37136,35821,3,3539,902,34,226,1,0,CAMERA,0
3.651,37138,35823,4,3539,902,34,226,1,0,CAMERA,0
3.701,37141,35826,7,3539,902,34,226,1,0,CAMERA,0
3.751,37143,35828,4,3539,902,34,226,1,0,CAMERA,0
3.8011,37146,35831,4,3539,902,34,226,1,0,CAMERA,0
3.851,37148,35833,6,3539,902,34,226,1,0,CAMERA,0
3.901,37151,35836,4,3539,902,34,226,1,0,CAMERA,0
3.9511,37153,35838,19,3539,902,34,226,1,0,CAMERA,0
4.0011,37156,35841,27,3539,902,34,226,1,0,CAMERA,0
4.0511,37158,35843,30,3539,902,34,226,1,0,CAMERA,0
4.1011,37161,35846,31,3539,902,34,226,1,0,CAMERA,0
4.1511,37163,35848,3,3539,902,34,226,1,0,CAMERA,0
4.2011,37166,35851,7,3539,902,34,226,1,0,CAMERA,0
4.2511,37168,35853,19,3539,902,34,226,1,0,CAMERA,0
4.3011,37171,35856,36,3539,902,34,226,1,0,CAMERA,0
4.3511,37173,35858,14,3539,902,34,226,1,0,CAMERA,0
4.4011,37176,35861,22,3539,902,34,226,1,0,CAMERA,0
4.4511,37178,35863,12,3539,902,34,226,1,0,CAMERA,0
4.5011,37181,35866,12,3539,902,34,226,1,0,CAMERA,0
4.5511,37183,35868,19,3539,902,34,226,1,0,CAMERA,0
4.6011,37186,35871,4,3539,902,34,226,1,0,CAMERA,0
4.6511,37188,35873,18,3539,902,34,226,1,0,CAMERA,0
4.7011,37191,35876,10,3539,902,34,226,1,0,CAMERA,0
4.7511,37193,35878,34,3539,902,34,226,1,0,CAMERA,0
4.8011,37196,35881,19,3539,902,34,226,1,0,CAMERA,0
4.8511,37198,35883,3,3539,902,34,226,1,0,CAMERA,0
4.9011,37201,35886,35,3539,902,34,226,1,0,CAMERA,0
4.9511,37203,35888,6,3539,902,34,226,1,0,CAMERA,0
5.0011,37206,35891,5,3539,902,34,226,1,0,CAMERA,0
5.053,37208,35893,12,3539,902,34,226,1,0,CAMERA,0
5.101,37211,35896,3,3539,902,34,226,1,0,CAMERA,0
5.151,37213,35898,34,3539,902,34,226,1,0,CAMERA,0
5.201,37216,35901,5,3539,902,34,226,1,0,CAMERA,0
5.2511,37218,35903,10,3539,902,34,226,1,0,CAMERA,0
5.3011,37221,35906,35,3539,902,34,226,1,0,CAMERA,0
5.351,37223,35908,3,3539,902,34,226,1,0,CAMERA,0
5.4011,37226,35911,36,3539,902,34,226,1,0,CAMERA,0
5.4512,37228,35913,30,3539,902,34,226,1,0,CAMERA,0
5.5011,37231,35916,18,3539,902,34,226,1,0,CAMERA,0
5.5511,37233,35918,32,3539,902,34,226,1,0,CAMERA,0
5.6011,37236,35921,4,3539,902,34,226,1,0,CAMERA,0
5.651,37238,35923,19,3539,902,34,226,1,0,CAMERA,0
5.701,37241,35926,18,3539,902,34,226,1,0,CAMERA,0
5.7511,37243,35928,7,3539,902,34,226,1,0,CAMERA,0
5.8011,37246,35931,19,3539,902,34,226,1,0,CAMERA,0
5.851,37248,35933,3,3539,902,34,226,1,0,CAMERA,0
5.9011,37251,35936,19,3539,902,34,226,1,0,CAMERA,0
5.9511,37253,35938,3,3539,902,34,226,1,0,CAMERA,0
6.0013,37256,35941,3,3539,902,34,226,1,0,CAMERA,0
6.0511,37258,35943,35,3539,902,34,226,1,0,CAMERA,0
6.101,37261,35946,3,3539,902,34,226,1,0,CAMERA,0
6.1511,37263,35948,32,3539,902,34,226,1,0,CAMERA,0
6.2011,37266,35951,6,3539,902,34,226,1,0,CAMERA,0
6.2511,37268,35953,28,3539,902,34,226,1,0,CAMERA,0
6.3011,37271,35956,28,3539,902,34,226,1,0,CAMERA,0
6.3515,37273,35958,4,3539,902,34,226,1,0,CAMERA,0
6.4011,37276,35961,10,3539,902,34,226,1,0,CAMERA,0
6.451,37278,35963,27,3539,902,34,226,1,0,CAMERA,0
6.501,37281,35966,35,3539,902,34,226,1,0,CAMERA,0
6.5511,37283,35968,4,3539,902,34,226,1,0,CAMERA,0
6.6011,37286,35971,3,3539,902,34,226,1,0,CAMERA,0
6.6511,37288,35973,10,3539,902,34,226,1,0,CAMERA,0
6.7011,37291,35974,1236,1038,3183,256,49,1,0,CAMERA,1
6.7511,37293,35974,1770,1025,3215,259,48,1,0,CAMERA,1
6.8011,37296,35974,1957,1000,3215,259,46,1,0,CAMERA,1
6.8511,37298,35974,1971,744,3199,258,46,1,0,CAMERA,1
6.9011,37301,35974,2018,961,3215,259,44,1,0,CAMERA,1
6.9511,37303,35974,1942,968,3216,259,44,1,0,CAMERA,1
7.0011,37306,35974,632,890,3248,262,39,1,0,CAMERA,1
7.0511,37308,35975,15,0,3663,262,39,1,0,CAMERA,0
7.101,37311,35978,6,0,3663,262,39,1,0,CAMERA,0
7.151,37313,35980,35,0,3663,262,39,1,0,CAMERA,0
7.2011,37316,35983,7,0,3663,262,39,1,0,CAMERA,0
7.2511,37318,35985,4,0,3663,262,39,1,0,CAMERA,0
7.301,37321,35988,35,0,3663,262,39,1,0,CAMERA,0
7.3514,37323,35990,18,0,3663,262,39,1,0,CAMERA,0
7.4011,37326,35993,19,0,3663,262,39,1,0,CAMERA,0
7.451,37328,35995,4,0,3663,262,39,1,0,CAMERA,0
7.501,37331,35998,3,0,3663,262,39,1,0,CAMERA,0
7.5511,37333,36000,7,0,3663,262,39,1,0,CAMERA,0
7.6011,37336,36003,4,0,3663,262,39,1,0,CAMERA,0
7.651,37338,36005,41,0,3663,262,39,1,0,CAMERA,0
7.701,37341,36008,9,0,3663,262,39,1,0,CAMERA,0
7.751,37343,36010,16,0,3663,262,39,1,0,CAMERA,0
7.801,37346,36013,36,0,3663,262,39,1,0,CAMERA,0
7.8509,37348,36015,20,0,3663,262,39,1,0,CAMERA,0
7.901,37351,36018,36,0,3663,262,39,1,0,CAMERA,0
7.951,37353,36020,5,0,3663,262,39,1,0,CAMERA,0
8.001,37356,36023,5,0,3663,262,39,1,0,CAMERA,0
8.051,37358,36025,3,0,3663,262,39,1,0,CAMERA,0
8.1013,37361,36028,3,0,3663,262,39,1,0,CAMERA,0
8.1511,37363,36030,4,0,3663,262,39,1,0,CAMERA,0
8.2011,37366,36031,107,449,2495,262,39,1,0,CAMERA,0
8.2511,37368,36031,1158,812,1752,129,34,1,0,CAMERA,1
8.3011,37371,36031,1665,912,1760,129,40,1,0,CAMERA,1
8.3515,37373,36031,1946,956,1807,133,43,1,0,CAMERA,1
8.4011,37376,36031,1223,816,1744,128,34,1,0,CAMERA,1
8.451,37378,36031,1351,862,1771,130,37,1,0,CAMERA,1
8.501,37381,36031,1255,820,2000,151,34,1,0,CAMERA,1
8.5511,37383,36033,4,820,2000,151,34,1,0,CAMERA,0
8.6011,37386,36036,36,820,2000,151,34,1,0,CAMERA,0
8.6511,37388,36038,3,820,2000,151,34,1,0,CAMERA,0
8.7014,37391,36041,3,820,2000,151,34,1,0,CAMERA,0
8.7511,37393,36043,35,820,2000,151,34,1,0,CAMERA,0
8.801,37396,36046,18,820,2000,151,34,1,0,CAMERA,0
8.8511,37398,36048,31,820,2000,151,34,1,0,CAMERA,0
8.901,37401,36051,18,820,2000,151,34,1,0,CAMERA,0
8.9511,37403,36053,20,820,2000,151,34,1,0,CAMERA,0
9.0011,37406,36056,34,820,2000,151,34,1,0,CAMERA,0
9.0516,37408,36058,19,820,2000,151,34,1,0,CAMERA,0
9.1014,37411,36061,18,820,2000,151,34,1,0,CAMERA,0
9.1511,37413,36063,35,820,2000,151,34,1,0,CAMERA,0
9.201,37416,36066,21,820,2000,151,34,1,0,CAMERA,0
9.2511,37418,36068,4,820,2000,151,34,1,0,CAMERA,0
9.3011,37421,36071,22,820,2000,151,34,1,0,CAMERA,0
9.3514,37423,36071,1852,2103,2286,176,120,1,0,CAMERA,1
9.4011,37426,36071,2495,2208,2254,173,127,1,0,CAMERA,1
9.451,37428,36071,2702,2224,2208,169,128,1,0,CAMERA,1
9.5011,37431,36071,2894,2224,2148,164,128,1,0,CAMERA,1
9.5511,37433,36071,2983,2220,2144,163,128,1,0,CAMERA,1
9.6011,37436,36071,3101,2228,2135,163,128,1,0,CAMERA,1
9.6511,37438,36071,3031,2223,2144,163,128,1,0,CAMERA,1
9.7011,37441,36071,2052,2207,2135,163,127,1,0,CAMERA,1
9.7511,37443,36073,30,2207,2135,163,127,1,0,CAMERA,0
9.8011,37446,36076,3,2207,2135,163,127,1,0,CAMERA,0
9.851,37448,36078,3,2207,2135,163,127,1,0,CAMERA,0
9.9011,37451,36081,28,2207,2135,163,127,1,0,CAMERA,0
9.9511,37453,36083,20,2207,2135,163,127,1,0,CAMERA,0
10.0011,37456,36086,4,2207,2135,163,127,1,0,CAMERA,0
10.0511,37458,36088,20,2207,2135,163,127,1,0,CAMERA,0
10.101,37461,36091,8,2207,2135,163,127,1,0,CAMERA,0
10.1511,37463,36093,7,2207,2135,163,127,1,0,CAMERA,0
10.2011,37466,36096,36,2207,2135,163,127,1,0,CAMERA,0
10.251,37468,36098,4,2207,2135,163,127,1,0,CAMERA,0
10.3011,37471,36101,34,2207,2135,163,127,1,0,CAMERA,0
10.3518,37473,36103,28,2207,2135,163,127,1,0,CAMERA,0
10.4011,37476,36106,5,2207,2135,163,127,1,0,CAMERA,0
10.451,37478,36108,57,2207,2135,163,127,1,0,CAMERA,0
10.5011,37481,36109,2358,3687,1903,142,225,1,0,CAMERA,1
10.5511,37483,36109,2821,3696,2063,156,226,1,0,CAMERA,1
10.6011,37486,36109,2963,3695,2127,161,224,1,0,CAMERA,1
10.6511,37488,36109,3007,3704,2115,161,226,1,0,CAMERA,1
10.7011,37491,36109,3038,3696,2126,162,226,1,0,CAMERA,1
10.7512,37493,36109,3034,3696,2115,161,226,1,0,CAMERA,1
10.8011,37496,36109,2007,2048,2016,159,225,1,0,CAMERA,1
10.8511,37498,36111,6,2048,2016,159,225,1,0,CAMERA,0
10.9011,37501,36114,4,2048,2016,159,225,1,0,CAMERA,0
10.951,37503,36116,4,2048,2016,159,225,1,0,CAMERA,0
11.001,37506,36119,35,2048,2016,159,225,1,0,CAMERA,0
11.051,37508,36121,4,2048,2016,159,225,1,0,CAMERA,0
11.1011,37511,36124,17,2048,2016,159,225,1,0,CAMERA,0
11.1511,37513,36126,29,2048,2016,159,225,1,0,CAMERA,0
11.201,37516,36129,2,2048,2016,159,225,1,0,CAMERA,0
11.251,37518,36131,22,2048,2016,159,225,1,0,CAMERA,0
11.3011,37521,36134,31,2048,2016,159,225,1,0,CAMERA,0
11.3516,37523,36136,27,2048,2016,159,225,1,0,CAMERA,0
11.401,37526,36139,18,2048,2016,159,225,1,0,CAMERA,0
11.451,37528,36141,10,2048,2016,159,225,1,0,CAMERA,0
11.5011,37531,36144,10,2048,2016,159,225,1,0,CAMERA,0
11.5511,37533,36146,14,2048,2016,159,225,1,0,CAMERA,0
11.601,37536,36149,2,2048,2016,159,225,1,0,CAMERA,0
11.651,37538,36151,10,2048,2016,159,225,1,0,CAMERA,0
11.701,37541,36153,723,893,720,159,225,1,0,CAMERA,1
11.7512,37543,36153,1653,887,721,37,39,1,0,CAMERA,1
11.8011,37546,36153,1675,896,712,36,39,1,0,CAMERA,1
11.8511,37548,36153,1672,927,628,29,41,1,0,CAMERA,1
12.0325,37551,36153,2470,965,656,24,42,1,0,PERCEPTION,1
12.0336,37552,36153,1751,991,631,24,42,1,0,PERCEPTION,1
12.0345,37552,36153,1751,991,631,24,42,1,0,PERCEPTION,1
12.0523,37553,36153,1537,895,736,38,39,1,0,PERCEPTION,1
12.1011,37555,36155,4,895,736,38,39,1,0,PERCEPTION,0
12.1511,37558,36158,52,895,736,38,39,1,0,PERCEPTION,0
12.2011,37560,36160,22,895,736,38,39,1,0,PERCEPTION,0
12.2511,37563,36163,3,895,736,38,39,1,0,PERCEPTION,0
12.3011,37565,36165,3,895,736,38,39,1,0,PERCEPTION,0
12.3512,37568,36168,26,895,736,38,39,1,0,PERCEPTION,0
12.4011,37570,36170,0,895,736,38,39,1,0,PERCEPTION,0
12.4511,37573,36173,19,895,736,38,39,1,0,PERCEPTION,0
12.5011,37575,36175,4,895,736,38,39,1,0,PERCEPTION,0
12.5511,37578,36178,6,895,736,38,39,1,0,PERCEPTION,0
12.6011,37580,36180,34,895,736,38,39,1,0,PERCEPTION,0
12.6511,37583,36183,11,895,736,38,39,1,0,PERCEPTION,0
12.7011,37585,36185,27,895,736,38,39,1,0,PERCEPTION,0
12.751,37588,36188,4,895,736,38,39,1,0,PERCEPTION,0
12.8012,37590,36190,20,895,736,38,39,1,0,PERCEPTION,0
12.8523,37593,36192,2182,2316,879,51,134,1,0,PERCEPTION,1
12.9012,37595,36192,1961,2297,840,48,133,1,0,PERCEPTION,1
13.0289,37596,36192,2233,2307,693,48,133,1,0,PER_OVERVIEW,1
13.034,37597,36192,2966,2343,800,44,136,1,0,PER_OVERVIEW,1
13.0534,37598,36192,2999,2313,786,44,136,1,0,PER_OVERVIEW,1
13.1012,37600,36192,3112,2252,809,45,130,1,0,PER_OVERVIEW,1
13.1533,37603,36192,3202,2223,817,45,128,1,0,PER_OVERVIEW,1
13.2012,37605,36192,3038,2319,783,42,134,1,0,PER_OVERVIEW,1
13.2512,37608,36193,0,405,3206,33,134,1,0,PER_OVERVIEW,0
13.3011,37610,36195,20,405,3206,33,134,1,0,PER_OVERVIEW,0
13.3511,37613,36198,35,405,3206,33,134,1,0,PER_OVERVIEW,0
13.4012,37615,36200,6,405,3206,33,134,1,0,PER_OVERVIEW,0
13.4511,37618,36203,3,405,3206,33,134,1,0,PER_OVERVIEW,0
13.5011,37620,36205,19,405,3206,33,134,1,0,PER_OVERVIEW,0
13.5511,37623,36208,44,405,3206,33,134,1,0,PER_OVERVIEW,0
13.6013,37625,36210,2,405,3206,33,134,1,0,PER_OVERVIEW,0
13.6511,37628,36213,35,405,3206,33,134,1,0,PER_OVERVIEW,0
13.701,37630,36215,2,405,3206,33,134,1,0,PER_OVERVIEW,0
13.7511,37633,36218,20,405,3206,33,134,1,0,PER_OVERVIEW,0
13.8013,37635,36220,19,405,3206,33,134,1,0,PER_OVERVIEW,0
13.8511,37638,36223,4,405,3206,33,134,1,0,PER_OVERVIEW,0
13.9011,37640,36225,19,405,3206,33,134,1,0,PER_OVERVIEW,0
13.9512,37643,36228,35,405,3206,33,134,1,0,PER_OVERVIEW,0
14.0012,37645,36229,1805,3519,832,33,134,1,0,PER_OVERVIEW,1
14.0533,37648,36229,2374,3683,743,39,225,1,0,PER_OVERVIEW,1
14.1011,37650,36229,3031,3674,740,39,224,1,0,PER_OVERVIEW,1
14.2305,37651,36229,3070,3776,732,39,224,1,0,PER_OVERVIEW,1
14.2356,37652,36229,3260,3664,712,39,224,1,0,PER_OVERVIEW,1
14.2553,37653,36229,3255,3683,719,37,225,1,0,PER_OVERVIEW,1
14.3011,37655,36229,3239,3696,706,36,226,1,0,PER_OVERVIEW,1
14.4528,37657,36229,1752,3535,786,24,225,1,0,PER_OVERVIEW,1
14.4549,37657,36229,1752,3535,786,24,225,1,0,PER_OVERVIEW,1
14.4559,37658,36230,1,3535,786,24,225,1,0,PER_OVERVIEW,0
14.5011,37660,36232,18,3535,786,24,225,1,0,PER_OVERVIEW,0
14.5511,37662,36234,4,3535,786,24,225,1,0,PER_OVERVIEW,0
14.6011,37665,36237,18,3535,786,24,225,1,0,PER_OVERVIEW,0
14.651,37667,36239,4,3535,786,24,225,1,0,PER_OVERVIEW,0
14.7011,37670,36242,28,3535,786,24,225,1,0,PER_OVERVIEW,0
14.7511,37672,36244,24,3535,786,24,225,1,0,PER_OVERVIEW,0
14.8011,37675,36247,18,3535,786,24,225,1,0,PER_OVERVIEW,0
14.8511,37677,36249,35,3535,786,24,225,1,0,PER_OVERVIEW,0
14.901,37680,36252,4,3535,786,24,225,1,0,PER_OVERVIEW,0
14.9511,37682,36254,20,3535,786,24,225,1,0,PER_OVERVIEW,0
15.0011,37685,36257,6,3535,786,24,225,1,0,PER_OVERVIEW,0
15.0511,37687,36259,28,3535,786,24,225,1,0,PER_OVERVIEW,0
15.1011,37690,36262,4,3535,786,24,225,1,0,PER_OVERVIEW,0
15.1511,37692,36264,83,3535,786,24,225,1,0,PER_OVERVIEW,0
15.2011,37695,36267,34,3535,786,24,225,1,0,PER_OVERVIEW,0
15.2511,37697,36269,7,3535,786,24,225,1,0,PER_OVERVIEW,0
15.3011,37700,36272,19,3535,786,24,225,1,0,PER_OVERVIEW,0
15.3511,37702,36274,35,3535,786,24,225,1,0,PER_OVERVIEW,0
15.4011,37705,36277,28,3535,786,24,225,1,0,PER_OVERVIEW,0
15.4511,37707,36279,18,3535,786,24,225,1,0,PER_OVERVIEW,0
15.5011,37710,36282,19,3535,786,24,225,1,0,PER_OVERVIEW,0
15.5511,37712,36284,26,3535,786,24,225,1,0,PER_OVERVIEW,0
15.6011,37715,36287,36,3535,786,24,225,1,0,PER_OVERVIEW,0
15.6511,37717,36289,31,3535,786,24,225,1,0,PER_OVERVIEW,0
15.701,37720,36292,22,3535,786,24,225,1,0,PER_OVERVIEW,0
15.7511,37722,36294,7,3535,786,24,225,1,0,PER_OVERVIEW,0
15.8011,37725,36297,28,3535,786,24,225,1,0,PER_OVERVIEW,0
15.8511,37727,36299,35,3535,786,24,225,1,0,PER_OVERVIEW,0
15.9011,37730,36302,18,3535,786,24,225,1,0,PER_OVERVIEW,0
15.9511,37732,36304,3,3535,786,24,225,1,0,PER_OVERVIEW,0
16.0011,37735,36307,4,3535,786,24,225,1,0,PER_OVERVIEW,0
16.0511,37737,36309,9,3535,786,24,225,1,0,PER_OVERVIEW,0
16.1011,37740,36312,18,3535,786,24,225,1,0,PER_OVERVIEW,0
16.151,37742,36314,3,3535,786,24,225,1,0,PER_OVERVIEW,0
16.2011,37745,36317,15,3535,786,24,225,1,0,PER_OVERVIEW,0
16.251,37747,36319,14,3535,786,24,225,1,0,PER_OVERVIEW,0
16.3011,37750,36322,35,3535,786,24,225,1,0,PER_OVERVIEW,0
16.3511,37752,36324,4,3535,786,24,225,1,0,PER_OVERVIEW,0
16.4011,37755,36327,22,3535,786,24,225,1,0,PER_OVERVIEW,0
16.4511,37757,36329,35,3535,786,24,225,1,0,PER_OVERVIEW,0
16.5011,37760,36332,0,3535,786,24,225,1,0,PER_OVERVIEW,0
16.5511,37762,36334,4,3535,786,24,225,1,0,PER_OVERVIEW,0
16.6011,37765,36337,15,3535,786,24,225,1,0,PER_OVERVIEW,0
16.6511,37767,36339,19,3535,786,24,225,1,0,PER_OVERVIEW,0
16.7011,37770,36342,4,3535,786,24,225,1,0,PER_OVERVIEW,0
16.7511,37772,36344,48,3535,786,24,225,1,0,PER_OVERVIEW,0
16.8011,37775,36347,3,3535,786,24,225,1,0,PER_OVERVIEW,0
16.8511,37777,36349,11,3535,786,24,225,1,0,PER_OVERVIEW,0
16.9012,37780,36352,4,3535,786,24,225,1,0,PER_OVERVIEW,0
16.9511,37782,36354,19,3535,786,24,225,1,0,PER_OVERVIEW,0
17.0011,37785,36357,4,3535,786,24,225,1,0,PER_OVERVIEW,0
17.0509,37787,36359,6,3535,786,24,225,1,0,PER_OVERVIEW,0
17.1011,37790,36362,18,3535,786,24,225,1,0,PER_OVERVIEW,0
17.1511,37792,36364,18,3535,786,24,225,1,0,PER_OVERVIEW,0
17.2011,37795,36367,3,3535,786,24,225,1,0,PER_OVERVIEW,0
17.251,37797,36369,18,3535,786,24,225,1,0,PER_OVERVIEW,0
17.301,37800,36372,11,3535,786,24,225,1,0,PER_OVERVIEW,0
17.3511,37802,36374,4,3535,786,24,225,1,0,PER_OVERVIEW,0
17.4011,37805,36377,3,3535,786,24,225,1,0,PER_OVERVIEW,0
17.451,37807,36379,4,3535,786,24,225,1,0,PER_OVERVIEW,0
17.5011,37810,36382,35,3535,786,24,225,1,0,PER_OVERVIEW,0
17.5511,37812,36384,19,3535,786,24,225,1,0,PER_OVERVIEW,0
17.6011,37815,36387,3,3535,786,24,225,1,0,PER_OVERVIEW,0
17.651,37817,36389,19,3535,786,24,225,1,0,PER_OVERVIEW,0
17.7011,37820,36392,15,3535,786,24,225,1,0,PER_OVERVIEW,0
17.7511,37822,36394,4,3535,786,24,225,1,0,PER_OVERVIEW,0
17.8011,37825,36397,35,3535,786,24,225,1,0,PER_OVERVIEW,0
17.851,37827,36399,17,3535,786,24,225,1,0,PER_OVERVIEW,0
17.9011,37830,36402,20,3535,786,24,225,1,0,PER_OVERVIEW,0
17.9511,37832,36404,28,3535,786,24,225,1,0,PER_OVERVIEW,0
18.0011,37835,36407,3,3535,786,24,225,1,0,PER_OVERVIEW,0
18.051,37837,36409,18,3535,786,24,225,1,0,PER_OVERVIEW,0
18.1011,37840,36412,24,3535,786,24,225,1,0,PER_OVERVIEW,0
18.1511,37842,36414,19,3535,786,24,225,1,0,PER_OVERVIEW,0
18.2011,37845,36417,10,3535,786,24,225,1,0,PER_OVERVIEW,0
18.251,37847,36419,19,3535,786,24,225,1,0,PER_OVERVIEW,0
18.3011,37850,36422,21,3535,786,24,225,1,0,PER_OVERVIEW,0
18.3511,37852,36424,10,3535,786,24,225,1,0,PER_OVERVIEW,0
18.4011,37855,36427,35,3535,786,24,225,1,0,PER_OVERVIEW,0
18.451,37857,36429,35,3535,786,24,225,1,0,PER_OVERVIEW,0
18.501,37860,36432,34,3535,786,24,225,1,0,PER_OVERVIEW,0
18.5512,37862,36434,20,3535,786,24,225,1,0,PER_OVERVIEW,0
18.6011,37865,36437,28,3535,786,24,225,1,0,PER_OVERVIEW,0
18.6511,37867,36439,3,3535,786,24,225,1,0,PER_OVERVIEW,0
18.701,37870,36442,3,3535,786,24,225,1,0,PER_OVERVIEW,0
18.7511,37872,36444,67,3535,786,24,225,1,0,PER_OVERVIEW,0
18.8011,37875,36447,3,3535,786,24,225,1,0,PER_OVERVIEW,0
18.8511,37877,36449,3,3535,786,24,225,1,0,PER_OVERVIEW,0
18.9011,37880,36452,26,3535,786,24,225,1,0,PER_OVERVIEW,0
18.9511,37882,36454,18,3535,786,24,225,1,0,PER_OVERVIEW,0
19.0011,37885,36457,10,3535,786,24,225,1,0,PER_OVERVIEW,0
19.0511,37887,36459,18,3535,786,24,225,1,0,PER_OVERVIEW,0
19.1011,37890,36462,22,3535,786,24,225,1,0,PER_OVERVIEW,0
19.1511,37892,36464,5,3535,786,24,225,1,0,PER_OVERVIEW,0
19.2011,37895,36467,32,3535,786,24,225,1,0,PER_OVERVIEW,0
19.2511,37897,36469,18,3535,786,24,225,1,0,PER_OVERVIEW,0
19.3011,37900,36472,7,3535,786,24,225,1,0,PER_OVERVIEW,0
19.3511,37902,36474,10,3535,786,24,225,1,0,PER_OVERVIEW,0
19.4011,37905,36477,4,3535,786,24,225,1,0,PER_OVERVIEW,0
19.4511,37907,36479,32,3535,786,24,225,1,0,PER_OVERVIEW,0
19.5011,37910,36482,10,3535,786,24,225,1,0,PER_OVERVIEW,0
19.5511,37912,36484,18,3535,786,24,225,1,0,PER_OVERVIEW,0
19.6011,37915,36487,7,3535,786,24,225,1,0,PER_OVERVIEW,0
19.6511,37917,36489,19,3535,786,24,225,1,0,PER_OVERVIEW,0
19.7011,37920,36492,36,3535,786,24,225,1,0,PER_OVERVIEW,0
